{
	"multipart":[
		{"when": {"down": false, "east": false, "north": false, "south": false, "up": false, "west": false}, "apply": {"model": "block/default/mushroom_stem_false"}},
		{"when": {"down": false, "east": true, "north": true, "south": true, "up": false, "west": true}, "apply": {"model": "block/default/mushroom_stem_1"}},
		{"when": {"down": true, "east": true, "north": true, "south": true, "up": true, "west": true}, "apply": {"model": "block/default/mushroom_stem_true"}},
		
		{"when": {"down": false, "east": false, "north": false, "south": false, "up": false, "west": true}, "apply": {"model": "block/default/mushroom_stem_undefined"}},
		{"when": {"down": false, "east": false, "north": false, "south": false, "up": true, "west": false}, "apply": {"model": "block/default/mushroom_stem_undefined"}},
		{"when": {"down": false, "east": false, "north": false, "south": false, "up": true, "west": true}, "apply": {"model": "block/default/mushroom_stem_undefined"}},
		{"when": {"down": false, "east": false, "north": false, "south": true, "up": false, "west": false}, "apply": {"model": "block/default/mushroom_stem_undefined"}},
		{"when": {"down": false, "east": false, "north": false, "south": true, "up": false, "west": true}, "apply": {"model": "block/default/mushroom_stem_undefined"}},
		{"when": {"down": false, "east": false, "north": false, "south": true, "up": true, "west": false}, "apply": {"model": "block/default/mushroom_stem_undefined"}},
		{"when": {"down": false, "east": false, "north": false, "south": true, "up": true, "west": true}, "apply": {"model": "block/default/mushroom_stem_undefined"}},
		{"when": {"down": false, "east": false, "north": true, "south": false, "up": false, "west": false}, "apply": {"model": "block/default/mushroom_stem_undefined"}},
		{"when": {"down": false, "east": false, "north": true, "south": false, "up": false, "west": true}, "apply": {"model": "block/default/mushroom_stem_undefined"}},
		{"when": {"down": false, "east": false, "north": true, "south": false, "up": true, "west": false}, "apply": {"model": "block/default/mushroom_stem_undefined"}},
		{"when": {"down": false, "east": false, "north": true, "south": false, "up": true, "west": true}, "apply": {"model": "block/default/mushroom_stem_undefined"}},
		{"when": {"down": false, "east": false, "north": true, "south": true, "up": false, "west": false}, "apply": {"model": "block/default/mushroom_stem_undefined"}},
		{"when": {"down": false, "east": false, "north": true, "south": true, "up": false, "west": true}, "apply": {"model": "block/default/mushroom_stem_undefined"}},
		{"when": {"down": false, "east": false, "north": true, "south": true, "up": true, "west": false}, "apply": {"model": "block/default/mushroom_stem_undefined"}},
		{"when": {"down": false, "east": false, "north": true, "south": true, "up": true, "west": true}, "apply": {"model": "block/default/mushroom_stem_undefined"}},
		{"when": {"down": false, "east": true, "north": false, "south": false, "up": false, "west": false}, "apply": {"model": "block/default/mushroom_stem_undefined"}},
		{"when": {"down": false, "east": true, "north": false, "south": false, "up": false, "west": true}, "apply": {"model": "block/default/mushroom_stem_undefined"}},
		{"when": {"down": false, "east": true, "north": false, "south": false, "up": true, "west": false}, "apply": {"model": "block/default/mushroom_stem_undefined"}},
		{"when": {"down": false, "east": true, "north": false, "south": false, "up": true, "west": true}, "apply": {"model": "block/default/mushroom_stem_undefined"}},
		{"when": {"down": false, "east": true, "north": false, "south": true, "up": false, "west": false}, "apply": {"model": "block/default/mushroom_stem_undefined"}},
		{"when": {"down": false, "east": true, "north": false, "south": true, "up": false, "west": true}, "apply": {"model": "block/default/mushroom_stem_undefined"}},
		{"when": {"down": false, "east": true, "north": false, "south": true, "up": true, "west": false}, "apply": {"model": "block/default/mushroom_stem_undefined"}},
		{"when": {"down": false, "east": true, "north": false, "south": true, "up": true, "west": true}, "apply": {"model": "block/default/mushroom_stem_undefined"}},
		{"when": {"down": false, "east": true, "north": true, "south": false, "up": false, "west": false}, "apply": {"model": "block/default/mushroom_stem_undefined"}},
		{"when": {"down": false, "east": true, "north": true, "south": false, "up": false, "west": true}, "apply": {"model": "block/default/mushroom_stem_undefined"}},
		{"when": {"down": false, "east": true, "north": true, "south": false, "up": true, "west": false}, "apply": {"model": "block/default/mushroom_stem_undefined"}},
		{"when": {"down": false, "east": true, "north": true, "south": false, "up": true, "west": true}, "apply": {"model": "block/default/mushroom_stem_undefined"}},
		{"when": {"down": false, "east": true, "north": true, "south": true, "up": false, "west": false}, "apply": {"model": "block/default/mushroom_stem_undefined"}},
		{"when": {"down": false, "east": true, "north": true, "south": true, "up": true, "west": false}, "apply": {"model": "block/default/mushroom_stem_undefined"}},
		{"when": {"down": false, "east": true, "north": true, "south": true, "up": true, "west": true}, "apply": {"model": "block/default/mushroom_stem_undefined"}},
		{"when": {"down": true, "east": false, "north": false, "south": false, "up": false, "west": false}, "apply": {"model": "block/default/mushroom_stem_undefined"}},
		{"when": {"down": true, "east": false, "north": false, "south": false, "up": false, "west": true}, "apply": {"model": "block/default/mushroom_stem_undefined"}},
		{"when": {"down": true, "east": false, "north": false, "south": false, "up": true, "west": false}, "apply": {"model": "block/default/mushroom_stem_undefined"}},
		{"when": {"down": true, "east": false, "north": false, "south": false, "up": true, "west": true}, "apply": {"model": "block/default/mushroom_stem_undefined"}},
		{"when": {"down": true, "east": false, "north": false, "south": true, "up": false, "west": false}, "apply": {"model": "block/default/mushroom_stem_undefined"}},
		{"when": {"down": true, "east": false, "north": false, "south": true, "up": false, "west": true}, "apply": {"model": "block/default/mushroom_stem_undefined"}},
		{"when": {"down": true, "east": false, "north": false, "south": true, "up": true, "west": false}, "apply": {"model": "block/default/mushroom_stem_undefined"}},
		{"when": {"down": true, "east": false, "north": false, "south": true, "up": true, "west": true}, "apply": {"model": "block/default/mushroom_stem_undefined"}},
		{"when": {"down": true, "east": false, "north": true, "south": false, "up": false, "west": false}, "apply": {"model": "block/default/mushroom_stem_undefined"}},
		{"when": {"down": true, "east": false, "north": true, "south": false, "up": false, "west": true}, "apply": {"model": "block/default/mushroom_stem_undefined"}},
		{"when": {"down": true, "east": false, "north": true, "south": false, "up": true, "west": false}, "apply": {"model": "block/default/mushroom_stem_undefined"}},
		{"when": {"down": true, "east": false, "north": true, "south": false, "up": true, "west": true}, "apply": {"model": "block/default/mushroom_stem_undefined"}},
		{"when": {"down": true, "east": false, "north": true, "south": true, "up": false, "west": false}, "apply": {"model": "block/default/mushroom_stem_undefined"}},
		{"when": {"down": true, "east": false, "north": true, "south": true, "up": false, "west": true}, "apply": {"model": "block/default/mushroom_stem_undefined"}},
		{"when": {"down": true, "east": false, "north": true, "south": true, "up": true, "west": false}, "apply": {"model": "block/default/mushroom_stem_undefined"}},
		{"when": {"down": true, "east": false, "north": true, "south": true, "up": true, "west": true}, "apply": {"model": "block/default/mushroom_stem_undefined"}},
		{"when": {"down": true, "east": true, "north": false, "south": false, "up": false, "west": false}, "apply": {"model": "block/default/mushroom_stem_undefined"}},
		{"when": {"down": true, "east": true, "north": false, "south": false, "up": false, "west": true}, "apply": {"model": "block/default/mushroom_stem_undefined"}},
		{"when": {"down": true, "east": true, "north": false, "south": false, "up": true, "west": false}, "apply": {"model": "block/default/mushroom_stem_undefined"}},
		{"when": {"down": true, "east": true, "north": false, "south": false, "up": true, "west": true}, "apply": {"model": "block/default/mushroom_stem_undefined"}},
		{"when": {"down": true, "east": true, "north": false, "south": true, "up": false, "west": false}, "apply": {"model": "block/default/mushroom_stem_undefined"}},
		{"when": {"down": true, "east": true, "north": false, "south": true, "up": false, "west": true}, "apply": {"model": "block/default/mushroom_stem_undefined"}},
		{"when": {"down": true, "east": true, "north": false, "south": true, "up": true, "west": false}, "apply": {"model": "block/default/mushroom_stem_undefined"}},
		{"when": {"down": true, "east": true, "north": false, "south": true, "up": true, "west": true}, "apply": {"model": "block/default/mushroom_stem_undefined"}},
		{"when": {"down": true, "east": true, "north": true, "south": false, "up": false, "west": false}, "apply": {"model": "block/default/mushroom_stem_undefined"}},
		{"when": {"down": true, "east": true, "north": true, "south": false, "up": false, "west": true}, "apply": {"model": "block/default/mushroom_stem_undefined"}},
		{"when": {"down": true, "east": true, "north": true, "south": false, "up": true, "west": false}, "apply": {"model": "block/default/mushroom_stem_undefined"}},
		{"when": {"down": true, "east": true, "north": true, "south": false, "up": true, "west": true}, "apply": {"model": "block/default/mushroom_stem_undefined"}},
		{"when": {"down": true, "east": true, "north": true, "south": true, "up": false, "west": false}, "apply": {"model": "block/default/mushroom_stem_undefined"}},
		{"when": {"down": true, "east": true, "north": true, "south": true, "up": false, "west": true}, "apply": {"model": "block/default/mushroom_stem_undefined"}},
		{"when": {"down": true, "east": true, "north": true, "south": true, "up": true, "west": false}, "apply": {"model": "block/default/mushroom_stem_undefined"}}
	]
}